date_joined,last_name,first_name,email
2015-05-19,Hughes,Jacqueline,jhughes0@cnn.com
2015-10-19,Sanders,Todd,tsanders1@discovery.com
2015-06-01,Moreno,Karen,kmoreno2@columbia.edu
2015-05-18,Harper,Walter,wharper3@hc360.com
2016-04-15,Harrison,Lawrence,lharrison4@sciencedirect.com
2015-11-13,Frazier,Robert,rfrazier5@newsvine.com
2015-12-03,Thomas,Steven,sthomas6@twitpic.com
2015-05-30,Henry,Louis,lhenry7@yelp.com
2015-09-16,Greene,Christina,cgreene8@ft.com
2015-12-02,Mendoza,Angela,amendoza9@twitter.com
2015-11-16,Stone,Ryan,rstonea@noaa.gov
2016-02-08,Perkins,Joe,jperkinsb@google.co.uk
2016-01-13,Palmer,Steven,spalmerc@booking.com
2015-12-07,Owens,Lori,lowensd@sogou.com
2016-03-13,Ross,Jacqueline,jrosse@issuu.com
2015-08-01,Kelley,Emily,ekelleyf@yolasite.com
2016-02-15,Price,Samuel,spriceg@usnews.com
2016-03-01,Bryant,Shirley,sbryanth@blinklist.com
2015-08-18,Frazier,Randy,rfrazieri@cnn.com
2015-08-21,Greene,Billy,bgreenej@devhub.com
2015-09-13,Washington,Daniel,dwashingtonk@alibaba.com
2015-06-18,Murphy,Earl,emurphyl@meetup.com
2015-07-03,Snyder,Margaret,msnyderm@fastcompany.com
2015-08-20,Lee,Paul,pleen@slate.com
2015-09-13,Vasquez,Judy,jvasquezo@livejournal.com
2015-06-07,Fox,Howard,hfoxp@cafepress.com
2015-09-10,Cooper,Kelly,kcooperq@nps.gov
2015-12-13,Watson,Roger,rwatsonr@census.gov
2015-06-25,Gardner,Bobby,bgardners@omniture.com
2016-04-09,Hanson,Daniel,dhansont@apple.com
2015-07-22,Ellis,Teresa,tellisu@ycombinator.com
2016-04-24,Lee,Lori,lleev@etsy.com
2015-10-07,Carroll,Angela,acarrollw@geocities.jp
2015-06-01,Watson,Ruby,rwatsonx@domainmarket.com
2015-07-03,Austin,Jessica,jaustiny@answers.com
2015-11-27,Carr,Willie,wcarrz@phoca.cz
2016-02-04,Alvarez,Scott,salvarez10@sfgate.com
2015-06-10,Hamilton,Kelly,khamilton11@deliciousdays.com
2015-06-01,Powell,Dennis,dpowell12@usa.gov
2016-04-09,Baker,Denise,dbaker13@si.edu
2015-06-01,Sullivan,Nicole,nsullivan14@businessinsider.com
2016-02-27,Harris,Chris,charris15@cnn.com
2016-04-04,Johnston,Ronald,rjohnston16@nydailynews.com
2015-08-15,Bell,Jennifer,jbell17@ezinearticles.com
2016-01-29,Banks,Jerry,jbanks18@berkeley.edu
2015-09-29,Alvarez,Emily,ealvarez19@sbwire.com
2015-09-02,Robinson,Keith,krobinson1a@flickr.com
2016-04-19,Bryant,Brandon,bbryant1b@smh.com.au
2016-04-09,Henry,Bobby,bhenry1c@rediff.com
2015-06-10,Kennedy,Kathy,kkennedy1d@acquirethisname.com
2015-07-06,Carroll,Evelyn,ecarroll1e@hc360.com
2016-04-17,Knight,Jason,jknight1f@csmonitor.com
2015-09-16,Sanders,Christopher,csanders1g@networksolutions.com
2016-02-19,Gray,Joyce,jgray1h@msu.edu
2016-01-23,Graham,Donna,dgraham1i@cbslocal.com
2015-08-24,Sanchez,Russell,rsanchez1j@rakuten.co.jp
2016-03-03,Banks,Wayne,wbanks1k@nsw.gov.au
2015-09-06,Mcdonald,Andrea,amcdonald1l@issuu.com
2015-07-18,Stone,Christopher,cstone1m@seattletimes.com
2015-06-15,Pierce,Johnny,jpierce1n@java.com
2015-07-18,Rogers,Virginia,vrogers1o@oracle.com
2016-03-13,Kelly,Kimberly,kkelly1p@unesco.org
2015-06-03,Griffin,Mark,mgriffin1q@goodreads.com
2015-12-26,Williams,Gerald,gwilliams1r@europa.eu
2015-10-29,Olson,Sharon,solson1s@cnbc.com
2015-07-29,Jenkins,Anna,ajenkins1t@economist.com
2015-05-19,Robertson,Pamela,probertson1u@feedburner.com
2015-11-26,Hart,Jane,jhart1v@odnoklassniki.ru
2015-11-06,Willis,Louis,lwillis1w@tripod.com
2015-09-05,Stone,Bruce,bstone1x@washington.edu
2015-07-07,Hawkins,Gary,ghawkins1y@accuweather.com
2016-02-10,Reed,Carl,creed1z@icq.com
2015-08-07,Bennett,Harry,hbennett20@spiegel.de
2015-06-23,Burton,Craig,cburton21@jigsy.com
2015-11-17,Bowman,Kimberly,kbowman22@macromedia.com
2016-01-07,Coleman,Ernest,ecoleman23@dot.gov
2015-10-12,Wallace,Willie,wwallace24@nih.gov
2016-01-17,Garcia,Gary,ggarcia25@php.net
2015-09-19,Burton,Maria,mburton26@webnode.com
2016-05-10,Reynolds,Christine,creynolds27@mozilla.com
2016-02-04,Brown,Louis,lbrown28@toplist.cz
2015-10-17,Wallace,Lois,lwallace29@delicious.com
2016-04-09,Castillo,Carlos,ccastillo2a@liveinternet.ru
2016-04-29,Sullivan,Patrick,psullivan2b@chicagotribune.com
2016-02-14,Coleman,Terry,tcoleman2c@marketwatch.com
2016-04-09,Henry,Roger,rhenry2d@cafepress.com
2015-12-30,King,Joyce,jking2e@addtoany.com
2015-09-30,Wheeler,Christina,cwheeler2f@twitter.com
2016-01-11,Thomas,Paula,pthomas2g@elegantthemes.com
2015-05-15,Simmons,Antonio,asimmons2h@bluehost.com
2015-06-13,Parker,Joan,jparker2i@sakura.ne.jp
2016-03-20,Moore,Brandon,bmoore2j@wikimedia.org
2016-01-20,Sanders,Betty,bsanders2k@tuttocitta.it
2016-02-24,Duncan,Julia,jduncan2l@sogou.com
2015-09-18,Peterson,Katherine,kpeterson2m@edublogs.org
2015-05-31,Hunt,Heather,hhunt2n@yandex.ru
2015-09-03,Owens,Nicholas,nowens2o@wix.com
2015-06-18,Morales,Louis,lmorales2p@1688.com
2015-08-22,Robinson,Betty,brobinson2q@toplist.cz
2016-04-02,Burton,Jeremy,jburton2r@free.fr